授業科目名,担当者名,配当学年,開講期,曜時限,群,学科,前身科目,年度
工業数学Ｃ,大﨑 純・小椋 大輔・大谷 真・西嶋 一欽,2回生以上,後期,水3,工学部専門科目,建築学科,,2024
工学倫理,市川 温・新津 葵一・関 修平・東口 顕士・伊勢田 哲治・清水 雄也・杉安 和憲・今堀 博・梅野 健・大﨑 純・高木 郁二・西脇 眞二・伊藤 禎彦・大和田 拓・須崎 純一・正直 花奈子・中川 雅之,4回生以上,前期,木3,工学部専門科目,,,2024
工学序論,"関 修平・鹿島 久嗣・神吉 紀世子・高橋 良和・木谷 哲夫・鈴木 基史・中村 祐司・石塚 師也・KOWHAKUL, Wasana",1回生以上,前期集中,集中講義,工学部専門科目,,,2024
工学部国際インターンシップ１,"KOWHAKUL, Wasana・本多 充",3回生以上,通年集中,集中講義,工学部専門科目,,,2024
グローバル・リーダーシップセミナー I (企業調査研究),平井 義和,2回生以上,通年集中,集中講義,工学部専門科目,,,2024
工学部国際インターンシップ２,"KOWHAKUL, Wasana・本多 充",3回生以上,通年集中,集中講義,工学部専門科目,,,2024
グローバル・リーダーシップセミナー II (イノベーションとその事業化),本多 充・平井 義和,2回生以上,後期集中,集中講義,工学部専門科目,,,2024
地球工学総論,後藤 仁志・古川 愛子,4回生以上,前期,水4,工学部専門科目,建築学科,,2024
建築計画学Ｉ,三浦 研,2回生以上,後期,火2,工学部専門科目,建築学科,,2024
住居計画学,柳沢 究,2回生以上,後期,水2,工学部専門科目,建築学科,,2024
設計演習Ｉ,田路 貴浩・柳沢 究・西野 佐弥香・小見山 陽介・魚谷 繁礼・山田 紗子・畑 友洋・岩瀨 諒子・早川 小百合,2回生以上,前期,"月5,金4,5",工学部専門科目,建築学科,,2024
設計演習II,平田 晃久・神吉 紀世子・田路 貴浩・小林 広英・柳沢 究・岩瀨 諒子・杉中 瑞季・中山 英之・河井 敏明・高野 洋平,2回生以上,後期,"月4,5",工学部専門科目,建築学科,,2024
建築環境工学Ｉ,原田 和典・小椋 大輔,2回生以上,前期,水2,工学部専門科目,建築学科,,2024
建築環境工学II,石田 泰一郎・大谷 真,2回生以上,後期,金2,工学部専門科目,建築学科,,2024
建築構造力学Ｉ,大﨑 純・張 景耀,2回生以上,前期,金1,工学部専門科目,建築学科,,2024
建築構造力学II,荒木 慶一・藤田 皓平・林 和希,2回生以上,後期,金1,工学部専門科目,建築学科,,2024
建築材料,西山 峰広・聲高 裕治・杉野 未奈,2回生以上,後期,月2,工学部専門科目,建築学科,,2024
建築設計論,平田 晃久,2回生以上,前期,月2,工学部専門科目,建築学科,,2024
都市設計学,小林 広英・落合 知帆,3回生以上,前期,月3,工学部専門科目,建築学科,,2024
建築設備システム,小椋 大輔・石田 泰一郎・伊庭 千恵美,3回生以上,前期,木1,工学部専門科目,建築学科,,2024
鉄筋コンクリート構造Ｉ,西山 峰広・谷 昌典,3回生以上,前期,金2,工学部専門科目,建築学科,,2024
鉄骨構造Ｉ,池田 芳樹・聲高 裕治,3回生以上,前期,木2,工学部専門科目,建築学科,,2024
建築生産Ｉ,金多 隆・西野 佐弥香,2回生以上,前期,水1,工学部専門科目,建築学科,,2024
建築構造力学III,大﨑 純・荒木 慶一・張 景耀・藤田 皓平,3回生以上,前期,"火2,水2",工学部専門科目,建築学科,,2024
建築環境工学演習,原田 和典・小椋 大輔・石田 泰一郎・大谷 真・伊庭 千恵美・西野 智研・仁井 大策・高取 伸光,4回生以上,前期,"水1,2",工学部専門科目,建築学科,,2024
建築計画学II,三浦 研,4回生以上,前期,水3,工学部専門科目,建築学科,,2024
建築生産II,金多 隆・西野 佐弥香・木内 利夫,3回生以上,後期,火1,工学部専門科目,建築学科,,2024
建築論,田路 貴浩・早川 小百合,3回生以上,前期,水3,工学部専門科目,建築学科,,2024
都市・地域論,神吉 紀世子,3回生以上,後期,木2,工学部専門科目,建築学科,,2024
建築光・音環境学,石田 泰一郎・大谷 真,3回生以上,前期,月1,工学部専門科目,建築学科,,2024
建築構造解析,池田 芳樹・荒木 慶一,3回生以上,後期,水2,工学部専門科目,建築学科,,2024
建築基礎構造,境 有紀・藤田 皓平・長嶋 史明,4回生以上,前期,月2,工学部専門科目,建築学科,,2024
耐震構造,杉野 未奈,3回生以上,後期,水3,工学部専門科目,建築学科,,2024
鉄筋コンクリート構造II,西山 峰広・谷 昌典,3回生以上,後期,月3,工学部専門科目,建築学科,,2024
鉄骨構造II,聲高 裕治・倉田 真宏・稲益 博行,3回生以上,後期,月2,工学部専門科目,建築学科,,2024
設計演習III,平田 晃久・金多 隆・神吉 紀世子・冨島 義幸・岩本 馨・清山 陽平・大西 麻貴,3回生以上,前期,"月4,5,金4,5",工学部専門科目,建築学科,,2024
設計演習IV,平田 晃久・三浦 研・山本 麻子・藤本 壮介・清山 陽平・早川 小百合,3回生以上,後期,"月5,火3,4,5,水5",工学部専門科目,建築学科,,2024
景観デザイン論,田路 貴浩・小見山 陽介,2回生以上,前期,水5,工学部専門科目,建築学科,,2024
耐風構造,西嶋 一欽,4回生以上,前期,火2,工学部専門科目,建築学科,,2024
建築・都市行政,山本 一博・髙木 勝英・文山 達昭,2回生以上,前期,水4,工学部専門科目,建築学科,,2024
設計演習Ｖ,平田 晃久・金多 隆・神吉 紀世子・冨島 義幸・三浦 研・DANIELL，Thomas Charles・田路 貴浩・小林 広英・牧 紀男・柳沢 究・吉田 哲・西野 佐弥香・小見山 陽介・岩瀨 諒子・安田 渓,4回生以上,前期,"火3,4,5,水5",工学部専門科目,建築学科,,2024
構造設計演習,西山 峰広・聲高 裕治・谷 昌典・佐藤 裕一,4回生以上,前期,"金4,5",工学部専門科目,建築学科,,2024
構造・材料実験,聲高 裕治・谷 昌典・杉野 未奈・稲益 博行・佐藤 裕一・高塚 康平,4回生以上,前期,"月3,4",工学部専門科目,建築学科,,2024
建築安全設計,原田 和典・西野 智研・仁井 大策,4回生以上,前期,金2,工学部専門科目,建築学科,,2024
建築工学概論<建築>,荒木 慶一・西山 峰広・聲高 裕治・松島 信一,1回生以上,後期,月1,工学部専門科目,建築学科,,2024
都市環境工学,原田 和典・石田 泰一郎・西野 智研,3回生以上,後期,木1,工学部専門科目,建築学科,,2024
行動・建築デザイン論,牧 紀男,3回生以上,前期,火4,工学部専門科目,建築学科,,2024
建築応用数学,大﨑 純・小椋 大輔・大谷 真・西嶋 一欽,3回生以上,前期,金3,工学部専門科目,建築学科,,2024
建築情報システム学,金多 隆・西野 佐弥香,3回生以上,前期,火3,工学部専門科目,建築学科,,2024
日本都市史,岩本 馨,1回生以上,前期,火3,工学部専門科目,建築学科,,2024
日本建築史,冨島 義幸,3回生以上,後期,水1,工学部専門科目,建築学科,,2024
建築情報処理演習,柳沢 究・伊庭 千恵美・倉田 真宏・仁井 大策・稲益 博行・安田 渓,2回生以上,後期,"金4,5",工学部専門科目,建築学科,,2024
建築温熱環境設計,小椋 大輔・伊庭 千恵美,3回生以上,後期,火2,工学部専門科目,建築学科,,2024
設計演習基礎,平田 晃久・安田 渓・岩瀨 諒子・早川 小百合・清山 陽平,1回生以上,後期,"月4,5",工学部専門科目,建築学科,,2024
世界建築史,冨島 義幸・岩本 馨,1回生以上,後期,月3,工学部専門科目,建築学科,,2024
専門英語,"TSOI, Esther",4回生以上,前期,木4,工学部専門科目,建築学科,,2024
建築造形実習,小見山 陽介・平野 利樹・安田 渓・清山 陽平,1回生以上,前期,"月3,4",工学部専門科目,建築学科,,2024
建築設備計画法,原田 和典・小椋 大輔・石田 泰一郎・大谷 真・伊庭 千恵美・西野 智研・小林 陽一・仁井 大策,4回生以上,前期,水4,工学部専門科目,建築学科,,2024
特別研究,三浦 研,4回生以上,通年集中,集中講義,工学部専門科目,建築学科,,2024
工学倫理,市川 温・新津 葵一・関 修平・東口 顕士・伊勢田 哲治・清水 雄也・杉安 和憲・今堀 博・梅野 健・大﨑 純・高木 郁二・西脇 眞二・伊藤 禎彦・大和田 拓・須崎 純一・正直 花奈子・中川 雅之,4回生以上,前期,木3,工学部専門科目,,,2024
工学序論,"関 修平・鹿島 久嗣・神吉 紀世子・高橋 良和・木谷 哲夫・鈴木 基史・中村 祐司・石塚 師也・KOWHAKUL, Wasana",1回生以上,前期集中,集中講義,工学部専門科目,,,2024
工学部国際インターンシップ１,"KOWHAKUL, Wasana・本多 充",3回生以上,通年集中,集中講義,工学部専門科目,,,2024
グローバル・リーダーシップセミナー I (企業調査研究),平井 義和,2回生以上,通年集中,集中講義,工学部専門科目,,,2024
工学部国際インターンシップ２,"KOWHAKUL, Wasana・本多 充",3回生以上,通年集中,集中講義,工学部専門科目,,,2024
グローバル・リーダーシップセミナー II (イノベーションとその事業化),本多 充・平井 義和,2回生以上,後期集中,集中講義,工学部専門科目,,,2024
電気電子回路,久門 尚史,1回生以上,後期,月5,工学部専門科目,電気電子工学科,,2024
電磁気学１,松尾 哲司,2回生以上,後期,金2,工学部専門科目,電気電子工学科,,2024
電磁気学２,松尾 哲司・雨宮 尚之,3回生以上,前期,月2,工学部専門科目,電気電子工学科,,2024
電子回路,杉山 和彦,2回生以上,前期,金2,工学部専門科目,電気電子工学科,,2024
論理回路,橋本 昌宜,2回生以上,前期,金1,工学部専門科目,電気電子工学科,,2024
情報理論,佐藤 丈博,2回生以上,後期,火1,工学部専門科目,電気電子工学科,,2024
物性・デバイス基礎論,木本 恒暢・衛藤 雄二郎,2回生以上,前期,火1,工学部専門科目,電気電子工学科,,2024
計算機工学,佐藤 高史,2回生以上,後期,月4,工学部専門科目,電気電子工学科,,2024
電気回路,久門 尚史,3回生以上,前期,火3,工学部専門科目,電気電子工学科,,2024
自動制御工学,萩原 朋道・細江 陽平,3回生以上,前期,火1,工学部専門科目,電気電子工学科,,2024
ディジタル制御,萩原 朋道・細江 陽平,3回生以上,後期,火4,工学部専門科目,電気電子工学科,,2024
放電工学,伊藤 陽介・弘津 研一,4回生以上,前期,火4,工学部専門科目,電気電子工学科,,2024
通信基礎論,原田 博司・水谷 圭一,3回生以上,前期,水1,工学部専門科目,電気電子工学科,,2024
情報伝送工学,水谷 圭一,3回生以上,後期,水2,工学部専門科目,電気電子工学科,,2024
通信ネットワーク,大木 英司・佐藤 丈博・小林 丈朗・庄林 宏和・名渕 鉄也,3回生以上,後期,月2,工学部専門科目,電気電子工学科,,2024
マイクロ波工学,篠原 真毅・三谷 友彦,4回生以上,前期,火2,工学部専門科目,電気電子工学科,,2024
固体電子工学,野田 進・浅野 卓,3回生以上,前期,水2,工学部専門科目,電気電子工学科,,2024
半導体工学,木本 恒暢,2回生以上,後期,火2,工学部専門科目,電気電子工学科,,2024
プラズマ工学,海老原 祐輔・伊藤 陽介,3回生以上,後期,木5,工学部専門科目,電気電子工学科,,2024
電気電子材料学,小林 圭,3回生以上,後期,水3,工学部専門科目,電気電子工学科,,2024
光工学１,川上 養一・船戸 充,3回生以上,後期,火2,工学部専門科目,電気電子工学科,,2024
光通信工学,大木 英司,4回生以上,前期,木1,工学部専門科目,電気電子工学科,,2024
光電子デバイス工学,野田 進・浅野 卓,4回生以上,前期,月4,工学部専門科目,電気電子工学科,,2024
光工学２,船戸 充・川上 養一,4回生以上,前期,月2,工学部専門科目,電気電子工学科,,2024
電気法規,下田 一彦・松尾 哲司・初崎 昭典,3回生以上,前期集中,集中講義,工学部専門科目,電気電子工学科,,2024
電波法規,篠原 真毅・浅居 正充,4回生以上,後期集中,集中講義,工学部専門科目,電気電子工学科,,2024
ディジタル回路,橋本 昌宜・新津 葵一,3回生以上,前期,木2,工学部専門科目,電気電子工学科,,2024
ディジタル信号処理,横山 竜宏,3回生以上,後期,月4,工学部専門科目,電気電子工学科,,2024
電気電子プログラミング及演習,村脇 有吾・櫻田 健,2回生以上,前期,"水4,5",工学部専門科目,電気電子工学科,,2024
電気回路基礎論,久門 尚史,1回生以上,前期,火5,工学部専門科目,電気電子工学科,,2024
システム最適化,阪本 卓也,3回生以上,後期,火3,工学部専門科目,電気電子工学科,,2024
パワーエレクトロニクス,薄 良彦・持山 志宇・CASTELLAZZI，Alberto,3回生以上,前期,月1,工学部専門科目,電気電子工学科,,2024
電気電子工学概論,川山 巌・小林 進二・衛藤 雄二郎・細江 陽平,1回生以上,後期,"水4,5",工学部専門科目,電気電子工学科,,2024
電気電子計算工学及演習,雨宮 尚之・横山 竜宏・村脇 有吾・謝 怡凱,3回生以上,後期,"木1,2",工学部専門科目,電気電子工学科,,2024
電気電子工学のための量子論,竹内 繁樹,3回生以上,前期,水4,工学部専門科目,電気電子工学科,,2024
電気電子計測,岡本 亮,2回生以上,後期,金3,工学部専門科目,電気電子工学科,,2024
電気電子数学1,海老原 祐輔・吉井 和佳,2回生以上,後期,金1,工学部専門科目,電気電子工学科,,2024
電気電子数学２,土居 伸二・吉井 和佳,3回生以上,前期,水3,工学部専門科目,電気電子工学科,,2024
電気伝導,米澤 進吾・土井 俊哉,4回生以上,前期,水2,工学部専門科目,電気電子工学科,,2024
電気機器基礎論,進藤 裕司,3回生以上,前期,月4,工学部専門科目,電気電子工学科,,2024
応用電気機器,中村 武恒,3回生以上,後期,月5,工学部専門科目,電気電子工学科,,2024
電波工学,篠原 真毅・橋口 浩之,3回生以上,後期,月3,工学部専門科目,電気電子工学科,,2024
アンテナ・伝搬工学,山本 衛・橋口 浩之,4回生以上,前期,木2,工学部専門科目,電気電子工学科,,2024
組み込み計算機システム,佐藤 高史・粟野 皓光,3回生以上,後期,水1,工学部専門科目,電気電子工学科,,2024
集積回路工学,佐藤 高史・橋本 昌宜・粟野 皓光,4回生以上,前期,木4,工学部専門科目,電気電子工学科,,2024
メカトロニクス入門,細田 耕・川節 拓実,3回生以上,後期,水4,工学部専門科目,電気電子工学科,,2024
情報通信工学,原田 博司・大木 英司・佐藤 丈博・水谷 圭一,4回生以上,前期,火3,工学部専門科目,電気電子工学科,,2024
電子物性工学,白石 誠司,3回生以上,後期,火5,工学部専門科目,電気電子工学科,,2024
真空電子工学,後藤 康仁,3回生以上,前期,木1,工学部専門科目,電気電子工学科,,2024
電気電子回路演習,小嶋 浩嗣・下田 宏・稲垣 滋・上田 樹美・白木 隆太・三谷 友彦,2回生以上,前期,"木3,4",工学部専門科目,電気電子工学科,,2024
電気電子工学基礎実験,浅野 卓・吉田 昌宏・新津 葵一・篠北 啓介・杉山 和彦・井上 卓也・大島 諒・曽我部 友輔・石井 裕剛・西村 耕司・白井 僚・金 史良・栗田 怜・向井 佑・川山 巌,2回生以上,後期,"木1,2,3,4",工学部専門科目,電気電子工学科,,2024
生体医療工学,石井 信・土居 伸二・下田 宏・伊藤 陽介・阪本 卓也・島﨑 秀昭,4回生以上,前期,火1,工学部専門科目,電気電子工学科,,2024
電気電子工学実験,船戸 充・中村 武恒・上田 義勝・岡本 亮・小林 圭・細江 陽平・衛藤 雄二郎・佐藤 丈博・謝 怡凱・劉 昆洋・池田 敦俊・上野 嶺,3回生以上,前期,"金1,2,3,4",工学部専門科目,電気電子工学科,,2024
電気電子工学実習,水谷 圭一・比留間 真悟・伊藤 陽介・掛谷 一弘・金子 光顕・後藤 康仁・持山 志宇・石井 良太・香田 優介・島﨑 秀昭・松山 顕之,3回生以上,後期,"金1,2,3,4",工学部専門科目,電気電子工学科,,2024
電力システム工学,薄 良彦,3回生以上,後期,月1,工学部専門科目,電気電子工学科,,2024
応用電力工学,松尾 哲司・高井 茂臣・五味 俊一・金子 雅彦・齊藤 康光,4回生以上,前期,月3,工学部専門科目,電気電子工学科,,2024
機械学習,石井 信・西野 恒,3回生以上,後期,木3,工学部専門科目,電気電子工学科,,2024
アルゴリズムとデータ構造,西野 恒・櫻田 健,3回生以上,前期,火2,工学部専門科目,電気電子工学科,,2024
特別研究,全員,4回生以上,通年集中,集中講義,工学部専門科目,電気電子工学科,,2024
グラフ理論（電気電子）,川原 純,3回生以上,後期,木4,工学部専門科目,電気電子工学科,,2024
工学倫理,市川 温・新津 葵一・関 修平・東口 顕士・伊勢田 哲治・清水 雄也・杉安 和憲・今堀 博・梅野 健・大﨑 純・高木 郁二・西脇 眞二・伊藤 禎彦・大和田 拓・須崎 純一・正直 花奈子・中川 雅之,4回生以上,前期,木3,工学部専門科目,,,2024
工学序論,"関 修平・鹿島 久嗣・神吉 紀世子・高橋 良和・木谷 哲夫・鈴木 基史・中村 祐司・石塚 師也・KOWHAKUL, Wasana",1回生以上,前期集中,集中講義,工学部専門科目,,,2024
工学部国際インターンシップ１,"KOWHAKUL, Wasana・本多 充",3回生以上,通年集中,集中講義,工学部専門科目,,,2024
グローバル・リーダーシップセミナー I (企業調査研究),平井 義和,2回生以上,通年集中,集中講義,工学部専門科目,,,2024
工学部国際インターンシップ２,"KOWHAKUL, Wasana・本多 充",3回生以上,通年集中,集中講義,工学部専門科目,,,2024
グローバル・リーダーシップセミナー II (イノベーションとその事業化),本多 充・平井 義和,2回生以上,後期集中,集中講義,工学部専門科目,,,2024
有機工業化学,大江 浩一・跡見 晴幸・河瀬 元明・近藤 輝幸・蘆田 隆一・寺村 謙太郎・藤原 哲晶,3回生以上,後期,水1,工学部専門科目,理工化学科,,2024
生物化学工学,跡見 晴幸・浜地 格・三木 裕明・高橋 重成・佐藤 喬章・船戸 洋佑・田村 朋則,3回生以上,後期,金2,工学部専門科目,理工化学科,,2024
環境保全概論,平井 康宏・中川 浩行・矢野 順也,3回生以上,前期,月1,工学部専門科目,理工化学科,,2024
環境安全化学,阿部 竜・中川 浩行・山本 浩平,3回生以上,後期,木1,工学部専門科目,理工化学科,,2024
移動現象,山本 量一,3回生以上,前期,火2,工学部専門科目,理工化学科,,2024
プロセス制御工学,外輪 健一郎・殿村 修・Oh Tae Hoon,3回生以上,前期,水2,工学部専門科目,理工化学科,,2024
量子化学概論,佐藤 啓文,3回生以上,後期,月2,工学部専門科目,理工化学科,,2024
電気化学,安部 武志・宮崎 晃平・宮原 雄人,4回生以上,前期,木2,工学部専門科目,理工化学科,,2024
有機分光学,田中 一生・廣瀬 崇至・山本 武司・大前 仁,4回生以上,前期,火2,工学部専門科目,理工化学科,,2024
触媒化学,阿部 竜・藤原 哲晶・跡見 晴幸・松井 敏明・中田 明伸,4回生以上,前期,水1,工学部専門科目,理工化学科,,2024
生化学II,森 泰生・跡見 晴幸・浜地 格・三木 裕明・佐藤 喬章・船戸 洋佑・窪田 亮,3回生以上,後期,月1,工学部専門科目,理工化学科,,2024
微粒子工学,渡邉 哲・中川 究也・長嶺 信輔,3回生以上,後期,火1,工学部専門科目,理工化学科,,2024
プロセスシステム工学,外輪 健一郎・殿村 修,3回生以上,後期,木2,工学部専門科目,理工化学科,,2024
プロセス設計,外輪 健一郎・玉川 淳・殿村 修・化学プロセス工学コース関連教員,4回生以上,前期,金3,工学部専門科目,理工化学科,,2024
計算化学工学,前多 裕介・長嶺 信輔,3回生以上,前期,火3,工学部専門科目,理工化学科,,2024
化学実験の安全指針,中川 浩行・大前 仁・阿部 竜・登阪 雅聡・東口 顕士・田中 隆行,4回生以上,前期集中,集中講義,工学部専門科目,理工化学科,,2024
化学工学シミュレーション,山本 量一・渡邉 哲,3回生以上,後期,火2,工学部専門科目,理工化学科,,2024
物理化学基礎及び演習［工化1],古賀 毅・小島 広之,2回生以上,前期,火2,工学部専門科目,理工化学科,,2024
物理化学基礎及び演習［工化2］,寺村 謙太郎・廣瀬 崇至,2回生以上,前期,火2,工学部専門科目,理工化学科,,2024
物理化学基礎及び演習［工化3］,田辺 克明,2回生以上,前期,火2,工学部専門科目,理工化学科,,2024
物理化学基礎及び演習［工化4］,東野 智洋・田中 庸裕,2回生以上,前期,火2,工学部専門科目,理工化学科,,2024
有機化学基礎及び演習［工化1］,藤原 哲晶,2回生以上,前期,月1,工学部専門科目,理工化学科,,2024
有機化学基礎及び演習［工化2］,中尾 佳亮,2回生以上,前期,月1,工学部専門科目,理工化学科,,2024
有機化学基礎及び演習［工化3］,浜地 格・窪田 亮,2回生以上,前期,月1,工学部専門科目,理工化学科,,2024
有機化学基礎及び演習［工化4］,山子 茂・茅原 栄一,2回生以上,前期,月1,工学部専門科目,理工化学科,,2024
基礎無機化学［T17，T18］,阿部 竜・高井 茂臣・田中 勝久,2回生以上,前期,金2,工学部専門科目,理工化学科,,2024
基礎無機化学［T19，T20］,三浦 清貴・松井 敏明・田中 勝久,2回生以上,前期,金2,工学部専門科目,理工化学科,,2024
基礎無機化学［T21，T22］,藤田 晃司・田中 勝久,2回生以上,前期,金2,工学部専門科目,理工化学科,,2024
化学プロセス工学基礎［T17，T18］,山本 量一・牧 泰輔・河瀬 元明,2回生以上,前期,木2,工学部専門科目,理工化学科,,2024
化学プロセス工学基礎［T19，T20］,河瀬 元明・蘆田 隆一・山本 量一,2回生以上,前期,木2,工学部専門科目,理工化学科,,2024
化学プロセス工学基礎［T21，T22］,中川 浩行・山本 量一・河瀬 元明,2回生以上,前期,木1,工学部専門科目,理工化学科,,2024
生命化学基礎,跡見 晴幸・森 泰生・浜地 格・近藤 輝幸・沼田 圭司・今堀 博・永楽 元次,2回生以上,前期,火4,工学部専門科目,理工化学科,,2024
有機化学Ｉ（創成化学）,中尾 佳亮,2回生以上,後期,月1,工学部専門科目,理工化学科,,2024
物理化学Ｉ（創成化学）,古賀 毅・西田 幸次・小島 広之,2回生以上,後期,水2,工学部専門科目,理工化学科,,2024
無機化学（創成化学）,三浦 清貴・下間 靖彦,2回生以上,後期,月2,工学部専門科目,理工化学科,,2024
分析化学（創成化学）,小山 宗孝・久保 拓也・大塚 浩二,2回生以上,後期,金2,工学部専門科目,理工化学科,,2024
高分子化学基礎Ｉ（創成化学）,西田 幸次・大内 誠,2回生以上,後期,木2,工学部専門科目,理工化学科,,2024
有機化学II（創成化学）,杉安 和憲,3回生以上,前期,水2,工学部専門科目,理工化学科,,2024
生体関連物質化学（創成化学）,沼田 圭司・大前 仁,3回生以上,前期,火1,工学部専門科目,理工化学科,,2024
物理化学II（創成化学）,辻井 敬亘,3回生以上,前期,水1,工学部専門科目,理工化学科,,2024
高分子化学基礎II（創成化学）,堀中 順一・寺島 崇矢,3回生以上,前期,火2,工学部専門科目,理工化学科,,2024
統計熱力学入門（創成化学）,井田 大地,3回生以上,前期,月2,工学部専門科目,理工化学科,,2024
機器分析化学（創成化学）,小山 宗孝・久保 拓也・大塚 浩二,3回生以上,前期,金1,工学部専門科目,理工化学科,,2024
有機化学III（創成化学）,中尾 佳亮・佐々木 善浩,3回生以上,後期,火2,工学部専門科目,理工化学科,,2024
物理化学III（創成化学）,大北 英生,3回生以上,後期,火1,工学部専門科目,理工化学科,,2024
最先端機器分析（創成化学）,小山 宗孝・久保 拓也・大塚 浩二,3回生以上,後期,金1,工学部専門科目,理工化学科,,2024
化学のフロンティア（創成化学）,中尾 佳亮・小山 宗孝・竹中 幹人・三浦 清貴・田中 勝久・杉安 和憲・大内 誠・中村 洋・沼田 圭司,4回生以上,前期,"金3,4",工学部専門科目,理工化学科,,2024
化学生物学,永楽 元次・大串 雅俊,3回生以上,後期,木2,工学部専門科目,理工化学科,,2024
高分子化学Ｉ,大内 誠,3回生以上,後期,水1,工学部専門科目,理工化学科,,2024
化学数学（創成化学）,中村 洋・小川 紘樹,2回生以上,後期,火2,工学部専門科目,理工化学科,,2024
錯体化学（創成化学）,藤田 晃司・田中 勝久,3回生以上,後期,月1,工学部専門科目,理工化学科,,2024
高分子化学II,竹中 幹人・浦山 健治・小川 紘樹,3回生以上,後期,金2,工学部専門科目,理工化学科,,2024
創成化学実験Ⅰ（創成化学）,田中 一生・佐々木 善浩・久保 拓也・寺島 崇矢・大前 仁・藤田 晃司・井田 大地・小島 広之・創成化学実験関連教員,3回生以上,前期,"火3,4,5,水3,4,5,木3,4,5",工学部専門科目,理工化学科,,2024
創成化学実験Ⅱ（創成化学）,田中 一生・佐々木 善浩・久保 拓也・寺島 崇矢・大前 仁・藤田 晃司・井田 大地・小島 広之・創成化学実験関連教員,3回生以上,後期,"火3,4,5,水3,4,5,木3,4,5",工学部専門科目,理工化学科,,2024
科学英語（創成化学）［工化1・工化3］,田中 一生・John Pryce,3回生以上,後期,金3,工学部専門科目,理工化学科,,2024
科学英語（創成化学）［工化2・工化4］,田中 一生・John Pryce,3回生以上,後期,金4,工学部専門科目,理工化学科,,2024
グリーンケミストリー概論,生越 友樹・中田 明伸・SIVANIAH，Easan,3回生以上,前期,木1,工学部専門科目,理工化学科,,2024
化学数学II,佐藤 徹・水落 憲和,3回生以上,前期,金1,工学部専門科目,理工化学科,,2024
物理化学Ｉ（化学工学）,牧 泰輔,2回生以上,後期,水2,工学部専門科目,理工化学科,,2024
無機化学Ｉ（化学工学）,作花 哲夫・安部 武志・阿部 竜・野平 俊之・松井 敏明・宮崎 晃平・草田 康平,2回生以上,後期,月2,工学部専門科目,理工化学科,,2024
化学工学数学Ｉ（化学工学）,長嶺 信輔・谷口 貴志,2回生以上,後期,木1,工学部専門科目,理工化学科,,2024
流体系分離工学,佐野 紀彰・中川 究也,3回生以上,前期,木1,工学部専門科目,理工化学科,,2024
物理化学II（化学工学）,田辺 克明・鈴木 哲夫,3回生以上,前期,金2,工学部専門科目,理工化学科,,2024
化学工学数学II,長嶺 信輔・谷口 貴志,3回生以上,前期,金1,工学部専門科目,理工化学科,,2024
反応工学II,中川 浩行・河瀬 元明・蘆田 隆一,3回生以上,前期,月2,工学部専門科目,理工化学科,,2024
固相系分離工学,佐野 紀彰・中川 究也,3回生以上,後期,水2,工学部専門科目,理工化学科,,2024
物理化学III（化学工学）,山本 量一・谷口 貴志,3回生以上,後期,火3,工学部専門科目,理工化学科,,2024
化学プロセス工学実験Ｉ（化学工学）,外輪 健一郎・蘆田 隆一・鈴木 哲夫・平出 翔太郎・MOLINA LOPEZ， John Jairo・殿村 修・村中 陽介・丸山 博之・藤墳 大裕・Oh Tae Hoon・化学工学実験関連教員,3回生以上,前期,"木3,4,5,金3,4,5",工学部専門科目,理工化学科,,2024
化学プロセス工学実験II（化学工学）,外輪 健一郎・蘆田 隆一・鈴木 哲夫・平出 翔太郎・MOLINA LOPEZ， John Jairo・殿村 修・村中 陽介・丸山 博之・藤墳 大裕・Oh Tae Hoon・化学工学実験関連教員,3回生以上,後期,"水3,4,5,木3,4,5",工学部専門科目,理工化学科,,2024
化学工学量論,河瀬 元明・牧 泰輔,2回生以上,後期,水1,工学部専門科目,理工化学科,,2024
科学英語（化学工学）［工化1・工化3］,前多 裕介・John Pryce,3回生以上,後期,月3,工学部専門科目,理工化学科,,2024
科学英語（化学工学）［工化2・工化4］,前多 裕介・John Pryce,3回生以上,後期,月4,工学部専門科目,理工化学科,,2024
化学プロセス工学［W２０２（創成）］,佐野 紀彰・外輪 健一郎・渡邉 哲,2回生以上,後期,水1,工学部専門科目,理工化学科,,2024
化学プロセス工学［ＮＳ（先端）］,佐野 紀彰・外輪 健一郎・渡邉 哲,2回生以上,後期,水1,工学部専門科目,理工化学科,,2024
基礎流体力学,谷口 貴志,2回生以上,後期,火2,工学部専門科目,理工化学科,,2024
化学工学計算機演習,河瀬 元明・蘆田 隆一,2回生以上,後期,火4,工学部専門科目,理工化学科,,2024
反応工学Ｉ,中川 浩行・河瀬 元明,2回生以上,後期,金2,工学部専門科目,理工化学科,,2024
材料有機合成化学,山子 茂,3回生以上,後期,月2,工学部専門科目,理工化学科,,2024
高分子化学序論,中村 洋,2回生以上,前期,水2,工学部専門科目,理工化学科,,2024
Chem-E-Car設計・実験,佐野 紀彰,2回生以上,後期,"金4,5",工学部専門科目,理工化学科,,2024
無機化学Ｉ（先端化学）［工化1・工化3］,作花 哲夫・安部 武志・阿部 竜・野平 俊之・松井 敏明・宮崎 晃平・草田 康平,2回生以上,後期,月2,工学部専門科目,理工化学科,,2024
無機化学Ｉ（先端化学）［工化2・工化4］,作花 哲夫・安部 武志・阿部 竜・野平 俊之・松井 敏明・宮崎 晃平・草田 康平,2回生以上,後期,月2,工学部専門科目,理工化学科,,2024
分析化学Ｉ（先端化学）［工化1・工化3］,作花 哲夫・安部 武志・野平 俊之・西 直哉,2回生以上,後期,火2,工学部専門科目,理工化学科,,2024
分析化学Ｉ（先端化学）［工化2・工化4］,作花 哲夫・安部 武志・野平 俊之・西 直哉,2回生以上,後期,火2,工学部専門科目,理工化学科,,2024
有機化学Ｉ（先端化学）,大江 浩一・中村 正治・生越 友樹,2回生以上,後期,月1,工学部専門科目,理工化学科,,2024
化学数学I（先端化学）,佐藤 徹・須田 理行,2回生以上,後期,木1,工学部専門科目,理工化学科,,2024
物理化学II（先端化学）,佐藤 啓文・水落 憲和・田中 隆行,3回生以上,前期,水1,工学部専門科目,理工化学科,,2024
有機化学II（先端化学）,杉野目 道紀・深澤 愛子・仙波 一彦,3回生以上,前期,水2,工学部専門科目,理工化学科,,2024
無機化学II（先端化学）［工化1・工化3］,安部 武志・大木 靖弘・松井 敏明・三木 康嗣・古川 修平・高津 浩・磯崎 勝弘・中田 明伸,3回生以上,前期,月2,工学部専門科目,理工化学科,,2024
無機化学II（先端化学）［工化2・工化4］,安部 武志・大木 靖弘・松井 敏明・三木 康嗣・古川 修平・高津 浩・磯崎 勝弘・中田 明伸,3回生以上,前期,月2,工学部専門科目,理工化学科,,2024
生化学I（先端化学）,森 泰生・跡見 晴幸・浜地 格・三木 裕明・佐藤 喬章・船戸 洋佑,3回生以上,前期,火1,工学部専門科目,理工化学科,,2024
高分子化学概論I（先端化学）,生越 友樹,3回生以上,前期,木2,工学部専門科目,理工化学科,,2024
有機化学III（先端化学）,近藤 輝幸・木村 祐・山本 武司,3回生以上,後期,火2,工学部専門科目,理工化学科,,2024
物理化学III（先端化学）,東口 顕士・東野 智洋,3回生以上,後期,火1,工学部専門科目,理工化学科,,2024
高分子化学概論II（先端化学）,梶 弘典・松宮 由実・志津 功將・鈴木 克明,3回生以上,後期,水2,工学部専門科目,理工化学科,,2024
化学統計力学（先端化学）,関 修平・須田 理行,4回生以上,前期,月2,工学部専門科目,理工化学科,,2024
先端機器分析科学（先端化学）,作花 哲夫・萩中 淳・稲田 康宏・垣内 隆,4回生以上,前期,水2,工学部専門科目,理工化学科,,2024
有機化学IV（先端化学）,村田 靖次郎・三木 康嗣,4回生以上,前期,金2,工学部専門科目,理工化学科,,2024
先端化学実験I（先端化学）,松田 建児・先端化学実験関連教員,3回生以上,前期,"火3,4,5,水3,4,5,木3,4,5",工学部専門科目,理工化学科,,2024
先端化学実験II（先端化学）,松田 建児・先端化学実験関連教員,3回生以上,後期,"火3,4,5,水3,4,5,木3,4,5",工学部専門科目,理工化学科,,2024
無機化学III（先端化学）,陰山 洋・高井 茂臣・水落 憲和・高津 浩,3回生以上,後期,金1,工学部専門科目,理工化学科,,2024
物理化学Ia（先端化学）,田中 隆行・井口 翔之,2回生以上,後期,水2,工学部専門科目,理工化学科,,2024
物理化学Ib（先端化学）,関 修平,2回生以上,後期,木2,工学部専門科目,理工化学科,,2024
科学英語（先端化学）［工化1・工化3］,森 泰生・寺村 謙太郎・三木 康嗣・BOLSTAD，Francesco,3回生以上,後期,月3,工学部専門科目,理工化学科,,2024
科学英語（先端化学）［工化2・工化4］,森 泰生・寺村 謙太郎・三木 康嗣・BOLSTAD，Francesco,3回生以上,後期,月4,工学部専門科目,理工化学科,,2024
分析化学II（先端化学）,安部 武志・梶 弘典・西 直哉・田村 朋則・中尾 章人・横山 悠子,3回生以上,前期,火2,工学部専門科目,理工化学科,,2024
特別研究（H18年以降入学者）,中村 洋,4回生以上,通年集中,集中講義,工学部専門科目,理工化学科,,2024
工業数学B1（T1・T2）,原田 英治,2回生以上,後期,水5,工学部専門科目,地球工学科,,2024
工業数学B1（T3・T4）,西藤 潤,2回生以上,後期,金3,工学部専門科目,地球工学科,,2024
工学倫理,市川 温・新津 葵一・関 修平・東口 顕士・伊勢田 哲治・清水 雄也・杉安 和憲・今堀 博・梅野 健・大﨑 純・高木 郁二・西脇 眞二・伊藤 禎彦・大和田 拓・須崎 純一・正直 花奈子・中川 雅之,4回生以上,前期,木3,工学部専門科目,,,2024
工学序論,"関 修平・鹿島 久嗣・神吉 紀世子・高橋 良和・木谷 哲夫・鈴木 基史・中村 祐司・石塚 師也・KOWHAKUL, Wasana",1回生以上,前期集中,集中講義,工学部専門科目,,,2024
工学部国際インターンシップ１,"KOWHAKUL, Wasana・本多 充",3回生以上,通年集中,集中講義,工学部専門科目,,,2024
グローバル・リーダーシップセミナー I (企業調査研究),平井 義和,2回生以上,通年集中,集中講義,工学部専門科目,,,2024
工学部国際インターンシップ２,"KOWHAKUL, Wasana・本多 充",3回生以上,通年集中,集中講義,工学部専門科目,,,2024
グローバル・リーダーシップセミナー II (イノベーションとその事業化),本多 充・平井 義和,2回生以上,後期集中,集中講義,工学部専門科目,,,2024
確率統計解析及び演習(T1),亀田 貴之・大下 和徹,2回生以上,前期,"火3,4",工学部専門科目,地球工学科,,2024
確率統計解析及び演習(T2),藤見 俊夫,2回生以上,前期,"火3,4",工学部専門科目,地球工学科,,2024
確率統計解析及び演習(T3),小林 草平,2回生以上,前期,"火3,4",工学部専門科目,地球工学科,,2024
確率統計解析及び演習(T4),廣井 慧,2回生以上,前期,"火3,4",工学部専門科目,地球工学科,,2024
構造力学Ｉ及び演習,北根 安雄,2回生以上,後期,"金1,2",工学部専門科目,地球工学科,,2024
構造力学Ｉ及び演習,杉浦 邦征,2回生以上,後期,"金1,2",工学部専門科目,地球工学科,,2024
構造力学Ｉ及び演習,八木 知己,2回生以上,後期,"金1,2",工学部専門科目,地球工学科,,2024
構造力学Ｉ及び演習,松宮 央登,2回生以上,後期,"金1,2",工学部専門科目,地球工学科,,2024
構造力学Ｉ及び演習,古川 愛子,2回生以上,後期,"金1,2",工学部専門科目,地球工学科,,2024
一般力学(T1・T2),松宮 央登,2回生以上,前期,月2,工学部専門科目,地球工学科,,2024
一般力学(T3・T4),林 為人・石塚 師也,2回生以上,前期,月4,工学部専門科目,地球工学科,,2024
環境生物・化学,越後 信哉・浅田 安廣,2回生以上,後期,火1,工学部専門科目,地球工学科,,2024
材料学,山本 貴士・高谷 哲,3回生以上,前期,月2,工学部専門科目,地球工学科,,2024
コンクリート工学,高橋 良和・山本 貴士・高谷 哲,3回生以上,後期,金2,工学部専門科目,地球工学科,,2024
水文学基礎,市川 温・立川 康人・中北 英一・佐山 敬洋・山口 弘誠・萬 和明,3回生以上,前期,火5,工学部専門科目,地球工学科,,2024
水資源工学,立川 康人・堀 智晴・KIM，SUNMIN,3回生以上,後期,水2,工学部専門科目,地球工学科,,2024
社会システム計画論,多々納 裕一・藤見 俊夫,3回生以上,前期,木1,工学部専門科目,地球工学科,,2024
都市・地域計画,松中 亮治・西垣 友貴,3回生以上,後期,月4,工学部専門科目,地球工学科,,2024
水質学,藤原 拓・田中 周平・西村 文武,3回生以上,前期,月2,工学部専門科目,地球工学科,,2024
上水道工学,伊藤 禎彦・越後 信哉・中西 智宏,3回生以上,後期,月2,工学部専門科目,地球工学科,,2024
下水道工学,藤原 拓・西村 文武・日髙 平・竹内 悠・野村 洋平,3回生以上,後期,月1,工学部専門科目,地球工学科,,2024
放射線衛生工学,島田 洋子,3回生以上,前期,火2,工学部専門科目,地球工学科,,2024
廃棄物工学,高岡 昌輝・平井 康宏,3回生以上,後期,月3,工学部専門科目,地球工学科,,2024
環境装置工学,高岡 昌輝・大下 和徹・原田 浩希,3回生以上,前期,水2,工学部専門科目,地球工学科,,2024
分離工学,楠田 啓・日下 英史,3回生以上,後期,木1,工学部専門科目,地球工学科,,2024
公共経済学,多々納 裕一・大西 正光,3回生以上,前期,木2,工学部専門科目,地球工学科,,2024
材料実験,山本 貴士・植村 佳大・高谷 哲,4回生以上,前期,"月3,4",工学部専門科目,地球工学科,,2024
水理実験(R1以前入学者),市川 温・後藤 仁志・立川 康人・原田 英治・川池 健司・山上 路生・森 信人・五十里 洋行・音田 慎一郎・志村 智也・山口 弘誠・萬 和明・清水 裕真・田中 智大・田﨑 拓海・小柴 孝太・宮下 卓也・山野井 一輝・山田 真史,3回生以上,後期,"木3,4",工学部専門科目,地球工学科,,2024
建築工学概論<地球>,荒木 慶一・西山 峰広・聲高 裕治・松島 信一,4回生以上,後期,月1,工学部専門科目,地球工学科,,2024
土質力学II及び演習,肥後 陽介・渦岡 良介・澤村 康生,3回生以上,前期,"水1,2",工学部専門科目,地球工学科,,2024
波動・振動学,五十嵐 晃・後藤 浩之,3回生以上,前期,月3,工学部専門科目,地球工学科,,2024
連続体の力学,後藤 仁志・肥後 陽介・清水 裕真,3回生以上,前期,火3,工学部専門科目,地球工学科,,2024
計画システム分析及び演習,藤井 聡・川端 祐一郎・藤見 俊夫・大庭 哲治・中尾 聡史・西垣 友貴,2回生以上,後期,"月1,2",工学部専門科目,地球工学科,,2024
土質実験及び演習,岸田 潔・渦岡 良介・後藤 浩之・岩井 裕正・澤村 康生・高井 敦史・橋本 涼太・上田 恭平・加藤 智大・三好 貴子,3回生以上,前期,"水3,4",工学部専門科目,地球工学科,,2024
大気・地球環境工学,藤森 真一郎・大城 賢,3回生以上,前期,月1,工学部専門科目,地球工学科,,2024
環境工学実験1,藤原 拓・田中 周平・西村 文武・日髙 平・竹内 悠・野村 洋平,3回生以上,前期,"月3,4,5",工学部専門科目,地球工学科,,2024
先端資源エネルギー工学,小池 克明・浜 孝之・福山 英一・藤本 仁・馬渕 守・村田 澄彦・林 為人・武川 順一・奈良 禎太,3回生以上,後期,金3,工学部専門科目,地球工学科,,2024
学外実習(土木工学コース),山口 敬太・松中 亮治,3回生以上,後期集中,集中講義,工学部専門科目,地球工学科,,2024
学外実習(環境工学コース),大下 和徹,3回生以上,後期集中,集中講義,工学部専門科目,地球工学科,,2024
空間情報学,須崎 純一・畑山 満則,3回生以上,後期,木2,工学部専門科目,地球工学科,,2024
構造実験・解析演習,杉浦 邦征・五十嵐 晃・北根 安雄・後藤 浩之・西藤 潤・古川 愛子・松宮 央登・植村 佳大・五井 良直・野口 恭平・松本 理佐,3回生以上,後期,"金4,5",工学部専門科目,地球工学科,,2024
耐震・耐風・設計論,杉浦 邦征・高橋 良和・八木 知己・後藤 浩之・野口 恭平・松本 理佐,3回生以上,後期,金3,工学部専門科目,地球工学科,,2024
地盤環境工学,勝見 武・渦岡 良介,3回生以上,後期,火2,工学部専門科目,地球工学科,,2024
交通マネジメント工学,藤井 聡・山田 忠史・川端 祐一郎,3回生以上,後期,月3,工学部専門科目,地球工学科,,2024
環境工学実験2,亀田 貴之・高岡 昌輝・大下 和徹・島田 洋子・原田 浩希・山本 浩平・五味 良太・安井 碧・池上 麻衣子,3回生以上,後期,"火3,4,5",工学部専門科目,地球工学科,,2024
波動工学,武川 順一・徐 世博,3回生以上,後期,月4,工学部専門科目,地球工学科,,2024
熱流体工学,藤本 仁,3回生以上,後期,金2,工学部専門科目,地球工学科,,2024
地殻海洋資源論,馬渕 守・楠田 啓,4回生以上,前期,月1,工学部専門科目,地球工学科,,2024
土質力学Ｉ及び演習,勝見 武・岸田 潔・肥後 陽介・安原 英明・岩井 裕正・高井 敦史・橋本 涼太・上田 恭平,2回生以上,後期,"火3,4",工学部専門科目,地球工学科,,2024
都市景観デザイン,川崎 雅史・山口 敬太・谷川 陸,3回生以上,後期,"火3,4",工学部専門科目,地球工学科,,2024
構造力学II及び演習(A班),高橋 良和,3回生以上,前期,"月4,5",工学部専門科目,地球工学科,,2024
構造力学II及び演習(B班),西藤 潤,3回生以上,前期,"月4,5",工学部専門科目,地球工学科,,2024
構造力学II及び演習(C班),五十嵐 晃,3回生以上,前期,"月4,5",工学部専門科目,地球工学科,,2024
流体力学,藤本 仁,3回生以上,前期,月3,工学部専門科目,地球工学科,,2024
物理化学,馬渕 守,3回生以上,前期,水3,工学部専門科目,地球工学科,,2024
工業数学B2(土木工学コース),古川 愛子,3回生以上,前期,金1,工学部専門科目,地球工学科,,2024
工業数学B2(資源工学コース),福山 英一,3回生以上,前期,火2,工学部専門科目,地球工学科,,2024
岩盤工学(土木工学コース),岸田 潔・安原 英明・橋本 涼太,3回生以上,後期,火1,工学部専門科目,地球工学科,,2024
岩盤工学(資源工学コース),林 為人・奈良 禎太,3回生以上,後期,火2,工学部専門科目,地球工学科,,2024
材料と塑性,浜 孝之・馬渕 守,3回生以上,後期,月3,工学部専門科目,地球工学科,,2024
社会基盤デザインＩ,宇野 伸宏・後藤 仁志・高橋 良和・高井 敦史,2回生以上,前期,木2,工学部専門科目,地球工学科,,2024
社会基盤デザインＩＩ,松中 亮治・山口 敬太,3回生以上,後期,火5,工学部専門科目,地球工学科,,2024
測量学及び実習(H27以降入学者),須崎 純一・畑山 満則・大庭 哲治・廣井 慧・中尾 聡史・田中 皓介・谷川 陸・石井 順恵,3回生以上,前期,"金2,3,4",工学部専門科目,地球工学科,,2024
科学英語（地球）（T1）,古川 愛子・Stephen Gill,2回生以上,前期,水4,工学部専門科目,地球工学科,,2024
科学英語（地球）（T1）,古川 愛子・Stephen Gill,2回生以上,前期,水5,工学部専門科目,地球工学科,,2024
科学英語（地球）（T2）,古川 愛子・Stephen Gill,2回生以上,前期,木4,工学部専門科目,地球工学科,,2024
科学英語（地球）（T2）,古川 愛子・Karin L. Swanson,2回生以上,前期,木3,工学部専門科目,地球工学科,,2024
科学英語（地球）（T3）,古川 愛子・Stephen Gill,2回生以上,後期,月4,工学部専門科目,地球工学科,,2024
科学英語（地球）（T3）,古川 愛子・Stephen Gill,2回生以上,後期,月5,工学部専門科目,地球工学科,,2024
科学英語（地球）（T4）,古川 愛子・Karin L. Swanson,2回生以上,後期,木4,工学部専門科目,地球工学科,,2024
科学英語（地球）（T4）,古川 愛子・Stephen Gill,2回生以上,後期,木3,工学部専門科目,地球工学科,,2024
資源情報解析学,小池 克明・柏谷 公希・武川 順一・石塚 師也・野口 奈々,4回生以上,前期,月4,工学部専門科目,地球工学科,,2024
固体の力学物性と破壊,村田 澄彦,3回生以上,後期,水2,工学部専門科目,地球工学科,,2024
弾性体の力学解析,村田 澄彦,3回生以上,前期,"月1,2",工学部専門科目,地球工学科,,2024
数値計算法及び演習,浜 孝之・福山 英一,3回生以上,後期,"月1,2",工学部専門科目,地球工学科,,2024
資源工学基礎実験,福山 英一・楠田 啓・武川 順一・奈良 禎太・石塚 師也・日下 英史・徐 世博・吉光 奈奈,3回生以上,前期,"木3,4,5",工学部専門科目,地球工学科,,2024
資源工学フィールド実習,小池 克明・柏谷 公希・武川 順一・野口 奈々・久保 大樹・陳 友晴,3回生以上,後期,"火3,4,5",工学部専門科目,地球工学科,,2024
地質工学,小池 克明・林 為人・柏谷 公希,3回生以上,前期,火3,工学部専門科目,地球工学科,,2024
資源工学入門,小池 克明・村田 澄彦・柏谷 公希,2回生以上,前期,月3,工学部専門科目,地球工学科,,2024
貯留層工学,村田 澄彦,4回生以上,前期,金2,工学部専門科目,地球工学科,,2024
社会防災工学,大西 正光・多々納 裕一・畑山 満則・矢守 克也・廣井 慧・藤見 俊夫,4回生以上,前期,月2,工学部専門科目,地球工学科,,2024
物理探査学,武川 順一・徐 世博,3回生以上,前期,火4,工学部専門科目,地球工学科,,2024
環境工学解析演習,越後 信哉・矢野 順也・山本 浩平・五味 良太・多田 悠人,3回生以上,後期,"金4,5",工学部専門科目,地球工学科,,2024
水理学I 及び演習,後藤 仁志・原田 英治・五十里 洋行・音田 慎一郎・清水 裕真・田﨑 拓海,2回生以上,後期,"水3,4",工学部専門科目,地球工学科,,2024
水理学II,後藤 仁志・原田 英治・山上 路生・音田 慎一郎・清水 裕真,3回生以上,前期,火4,工学部専門科目,地球工学科,,2024
河川・海岸工学,後藤 仁志・原田 英治・角 哲也・五十里 洋行・音田 慎一郎・小林 草平,3回生以上,後期,水1,工学部専門科目,地球工学科,,2024
水理実験(R2以降入学者),市川 温・後藤 仁志・立川 康人・原田 英治・川池 健司・山上 路生・森 信人・五十里 洋行・音田 慎一郎・志村 智也・山口 弘誠・萬 和明・清水 裕真・田中 智大・田﨑 拓海・小柴 孝太・宮下 卓也・山野井 一輝・山田 真史,3回生以上,後期,"木3,4",工学部専門科目,地球工学科,,2024
地球工学総論,後藤 仁志・古川 愛子,1回生以上,前期,水4,工学部専門科目,地球工学科,,2024
情報処理及び演習(T1),島田 洋子・矢野 順也,1回生以上,後期,木2,工学部専門科目,地球工学科,,2024
情報処理及び演習(T2),袴田 昌高・陳 友晴,1回生以上,後期,月1,工学部専門科目,地球工学科,,2024
情報処理及び演習(T3),澤村 康生・五井 良直,1回生以上,後期,月4,工学部専門科目,地球工学科,,2024
情報処理及び演習(T4),松中 亮治・五十里 洋行,1回生以上,後期,木4,工学部専門科目,地球工学科,,2024
地球工学基礎数理（T1）,市川 温・高橋 良和,2回生以上,前期,金1,工学部専門科目,地球工学科,,2024
地球工学基礎数理（T2）,澤村 康生・藤見 俊夫,2回生以上,前期,金1,工学部専門科目,地球工学科,,2024
地球工学基礎数理（T3）,田中 周平・平井 康宏,2回生以上,前期,金1,工学部専門科目,地球工学科,,2024
地球工学基礎数理（T4）,奈良 禎太・袴田 昌高,2回生以上,前期,金1,工学部専門科目,地球工学科,,2024
地球工学デザインA,川崎 雅史・高橋 良和・八木 知己・山口 敬太・長濱 伸貴・丹羽 信弘・八木 弘毅,4回生以上,前期,"火3,4",工学部専門科目,地球工学科,,2024
地球工学デザインB,小池 克明・浜 孝之・福山 英一・藤本 仁・馬渕 守・村田 澄彦・林 為人・柏谷 公希・楠田 啓・武川 順一・袴田 昌高・石塚 師也・野口 奈々・久保 大樹・日下 英史・小林 和弥・陳 友晴・吉光 奈奈,4回生以上,前期,"金3,4",工学部専門科目,地球工学科,,2024
地球工学デザインC,伊藤 禎彦・高岡 昌輝・越後 信哉・大下 和徹・中西 智宏・多田 悠人,4回生以上,前期,"水3,4",工学部専門科目,地球工学科,,2024
エネルギー工学入門,浜 孝之・馬渕 守・柏谷 公希・楠田 啓・武川 順一・袴田 昌高・久保 大樹・吉光 奈奈,2回生以上,後期,火2,工学部専門科目,地球工学科,,2024
資源工学材料実験,浜 孝之・馬渕 守・奈良 禎太・袴田 昌高・陳 友晴・宮澤 直己・吉光 奈奈,3回生以上,後期,"水3,4,5",工学部専門科目,地球工学科,,2024
基礎環境工学A,藤原 拓・伊藤 禎彦・越後 信哉・亀田 貴之・松井 康人,2回生以上,前期,金4,工学部専門科目,地球工学科,,2024
基礎環境工学B,高岡 昌輝・松田 知成・藤森 真一郎・島田 洋子,2回生以上,後期,金4,工学部専門科目,地球工学科,,2024
環境衛生学,松田 知成・山本 浩平・本田 晶子,3回生以上,前期,木1,工学部専門科目,地球工学科,,2024
Exercises in Infrastructure Design,AN，Lin,1回生以上,前期,"月1,木1",工学部専門科目,地球工学科,,2024
Fundamental Mechanics,AN，Lin,2回生以上,前期,月4,工学部専門科目,地球工学科,,2024
Prob. & Statistical Analysis & Exercises,KIM，SUNMIN,2回生以上,前期,"火3,4",工学部専門科目,地球工学科,,2024
Design for Infrastructure I,宇野 伸宏・高橋 良和・KHAYYER ABBAS・高井 敦史,2回生以上,前期,木3,工学部専門科目,地球工学科,,2024
Systems Analysis & Exe. for Plan. & Mng.,SCHMOECKER，Jan-Dirk,2回生以上,後期,"月1,2",工学部専門科目,地球工学科,,2024
Soil Mechanics I and Exercises,渦岡 良介・澤村 康生・ZHU Fan,2回生以上,後期,"火3,4",工学部専門科目,地球工学科,,2024
Engineering Mathematics B1,QURESHI，Ali Gul,2回生以上,後期,木2,工学部専門科目,地球工学科,,2024
Structural Mechanics I and Exercises,KIM Chul-Woo・AN，Lin・CHANG，Kai-Chun,2回生以上,後期,"金1,2",工学部専門科目,地球工学科,,2024
Dynamics of Soil and Structures,五十嵐 晃・後藤 浩之,3回生以上,前期,月2,工学部専門科目,地球工学科,,2024
Construction Materials,AN，Lin,3回生以上,前期,月1,工学部専門科目,地球工学科,,2024
Structural Mechanics II and Exercises,北根 安雄,3回生以上,前期,"月4,5",工学部専門科目,地球工学科,,2024
Continuum Mechanics,KHAYYER ABBAS・ZHU Fan・五十里 洋行,3回生以上,前期,火5,工学部専門科目,地球工学科,,2024
Fundamentals of Hydrology,市川 温・立川 康人・中北 英一・佐山 敬洋・山口 弘誠・萬 和明,3回生以上,前期,火3,工学部専門科目,地球工学科,,2024
Soil Mechanics II and Exercises,安原 英明・岩井 裕正・橋本 涼太・ZHU Fan,3回生以上,前期,"水1,2",工学部専門科目,地球工学科,,2024
Exp on Soil M & Ex,岸田 潔・渦岡 良介・後藤 浩之・岩井 裕正・上田 恭平・澤村 康生・高井 敦史・橋本 涼太・加藤 智大・三好 貴子,3回生以上,前期,"水3,4",工学部専門科目,地球工学科,,2024
Plan & Mng of S Sys,Cruz Ana Maria・QURESHI，Ali Gul・SCHMOECKER，Jan-Dirk,3回生以上,前期,木2,工学部専門科目,地球工学科,,2024
Engineering Mathematics B2,SCHMOECKER，Jan-Dirk,3回生以上,前期,金1,工学部専門科目,地球工学科,,2024
Public Economics,多々納 裕一・大西 正光,3回生以上,前期,木1,工学部専門科目,地球工学科,,2024
Urban and Regional Planning,QURESHI，Ali Gul,3回生以上,後期,月4,工学部専門科目,地球工学科,,2024
Transportation Management Engineering,SCHMOECKER，Jan-Dirk,3回生以上,後期,月3,工学部専門科目,地球工学科,,2024
Geoenvironmental Engineering,勝見 武・渦岡 良介,3回生以上,後期,火1,工学部専門科目,地球工学科,,2024
Rock Engineering,岸田 潔・安原 英明・ZHU Fan,3回生以上,後期,火2,工学部専門科目,地球工学科,,2024
Design for Infrastructure II,AN，Lin・松中 亮治,3回生以上,後期,火4,工学部専門科目,地球工学科,,2024
Water Resources Engineering,立川 康人・堀 智晴・KIM，SUNMIN,3回生以上,後期,水1,工学部専門科目,地球工学科,,2024
International Internship,松中 亮治,3回生以上,後期集中,集中講義,工学部専門科目,地球工学科,,2024
"E & WR of S, & RSDP",杉浦 邦征・高橋 良和・八木 知己・後藤 浩之・野口 恭平・松本 理佐,3回生以上,後期,金3,工学部専門科目,地球工学科,,2024
Concrete Engineering,AN，Lin,3回生以上,後期,水5,工学部専門科目,地球工学科,,2024
CP & Exp on Struct M,八木 知己・五十嵐 晃・北根 安雄・後藤 浩之・AN，Lin・西藤 潤・古川 愛子・松宮 央登・CHANG，Kai-Chun・植村 佳大・野口 恭平・松本 理佐,3回生以上,後期,"金4,5",工学部専門科目,地球工学科,,2024
Graduation Research,山本 貴士・山口 敬太,4回生以上,通年集中,集中講義,工学部専門科目,地球工学科,,2024
Hydraulics I and Exercises,後藤 仁志・KHAYYER ABBAS・志村 智也,2回生以上,後期,"水3,4",工学部専門科目,地球工学科,,2024
Hydraulics II,後藤 仁志・原田 英治・KHAYYER ABBAS・五十里 洋行・音田 慎一郎,3回生以上,前期,火4,工学部専門科目,地球工学科,,2024
River/Coastal Engineering,後藤 仁志・角 哲也・音田 慎一郎・KHAYYER ABBAS・小林 草平・清水 裕真,3回生以上,後期,水2,工学部専門科目,地球工学科,,2024
Experiments on Hydraulics(Enrolled after 2020),市川 温・後藤 仁志・立川 康人・原田 英治・川池 健司・山上 路生・森 信人・五十里 洋行・音田 慎一郎・志村 智也・山口 弘誠・萬 和明・清水 裕真・田中 智大・田﨑 拓海・小柴 孝太・宮下 卓也・山野井 一輝・山田 真史,3回生以上,後期,"木3,4",工学部専門科目,地球工学科,,2024
"Introduction to Civil, Environmental and Resources Eng",AN，Lin,1回生以上,前期,水4,工学部専門科目,地球工学科,,2024
"Computer Prg in Civil, Environmental and Resources Eng",ZHU Fan,1回生以上,後期,木5,工学部専門科目,地球工学科,,2024
特別研究(土木工学コース),山本 貴士・山口 敬太,4回生以上,通年集中,集中講義,工学部専門科目,地球工学科,,2024
特別研究(資源工学コース),村田 澄彦・奈良 禎太,4回生以上,通年集中,集中講義,工学部専門科目,地球工学科,,2024
特別研究(環境工学コース),松田 知成・大下 和徹,4回生以上,通年集中,集中講義,工学部専門科目,地球工学科,,2024
工業数学Ａ１,柴山 允瑠,2回生以上,後期,木2,工学部専門科目,情報学科,,2024
工業数学Ａ２,柴山 允瑠,3回生以上,前期,月2,工学部専門科目,情報学科,,2024
工業数学Ａ３,矢ヶ崎 一幸,3回生以上,前期,水1,工学部専門科目,情報学科,,2024
工学倫理,市川 温・新津 葵一・関 修平・東口 顕士・伊勢田 哲治・清水 雄也・杉安 和憲・今堀 博・梅野 健・大﨑 純・高木 郁二・西脇 眞二・伊藤 禎彦・大和田 拓・須崎 純一・正直 花奈子・中川 雅之,4回生以上,前期,木3,工学部専門科目,,,2024
工学序論,"関 修平・鹿島 久嗣・神吉 紀世子・高橋 良和・木谷 哲夫・鈴木 基史・中村 祐司・石塚 師也・KOWHAKUL, Wasana",1回生以上,前期集中,集中講義,工学部専門科目,,,2024
工学部国際インターンシップ１,"KOWHAKUL, Wasana・本多 充",3回生以上,通年集中,集中講義,工学部専門科目,,,2024
グローバル・リーダーシップセミナー I (企業調査研究),平井 義和,2回生以上,通年集中,集中講義,工学部専門科目,,,2024
工学部国際インターンシップ２,"KOWHAKUL, Wasana・本多 充",3回生以上,通年集中,集中講義,工学部専門科目,,,2024
グローバル・リーダーシップセミナー II (イノベーションとその事業化),本多 充・平井 義和,2回生以上,後期集中,集中講義,工学部専門科目,,,2024
量子物理学１（材原宇）〈情報〉,伊藤 秋男,3回生以上,前期,金2,工学部専門科目,情報学科,,2024
量子物理学２（材原宇）〈情報〉,伊藤 秋男,3回生以上,後期,火1,工学部専門科目,情報学科,,2024
エレクトロニクス入門（機宇）〈情報〉,粟野 皓光,2回生以上,前期,月4,工学部専門科目,情報学科,,2024
電子回路,杉山 和彦,2回生以上,前期,金2,工学部専門科目,情報学科,,2024
通信基礎論,原田 博司・水谷 圭一,3回生以上,前期,水1,工学部専門科目,情報学科,,2024
システム解析入門（数理）,森本 淳,2回生以上,後期,火2,工学部専門科目,情報学科,,2024
プログラミング言語（計算機）,五十嵐 淳,2回生以上,後期,月2,工学部専門科目,情報学科,,2024
計算機科学実験及演習２（計算機）,BRSCIC， Drazen・井上 昂治・丁 世堯・SEO Stela Hanbyeol・近藤 一晃・安戸 僚汰・和賀 正樹,2回生以上,後期,"火3,4",工学部専門科目,情報学科,,2024
数値解析,吉川 仁,2回生以上,後期,水3,工学部専門科目,情報学科,,2024
確率と統計,下平 英寿,3回生以上,前期,水2,工学部専門科目,情報学科,,2024
グラフ理論（計算機）,川原 純,2回生以上,後期,木4,工学部専門科目,情報学科,,2024
グラフ理論（数理）,原口 和也,2回生以上,前期,木2,工学部専門科目,情報学科,,2024
応用代数学,辻本 諭,3回生以上,後期,月2,工学部専門科目,情報学科,,2024
計算機科学実験及演習４（計算機）,BRSCIC， Drazen・井上 昂治・下西 慶・SEO Stela Hanbyeol・小谷 大祐,3回生以上,後期,"木3,4,金1,2,3,4",工学部専門科目,情報学科,,2024
アルゴリズム論,湊 真一,3回生以上,後期,木2,工学部専門科目,情報学科,,2024
現代制御論（数理）,加嶋 健司,4回生以上,前期,火2,工学部専門科目,情報学科,,2024
情報システム理論（数理）,田中 利幸,3回生以上,後期,木2,工学部専門科目,情報学科,,2024
論理システム（計算機）,湊 真一,2回生以上,前期,水2,工学部専門科目,情報学科,,2024
論理システム（数理）,福田 秀美,2回生以上,前期,水2,工学部専門科目,情報学科,,2024
解析力学（数理）,上原 恵理香,2回生以上,後期,水2,工学部専門科目,情報学科,,2024
線形制御理論,加嶋 健司,3回生以上,後期,水3,工学部専門科目,情報学科,,2024
数理工学セミナー（数理）,筒 広樹・山口 義幸・山川 雄也・原田 健自・小渕 智之・宮崎 修次,3回生以上,後期,金2,工学部専門科目,情報学科,,2024
最適化（数理）,山下 信雄・原口 和也,3回生以上,後期,水2,工学部専門科目,情報学科,,2024
力学系の数学,矢ヶ崎 一幸,3回生以上,前期,火3,工学部専門科目,情報学科,,2024
信号とシステム,林 和則,3回生以上,前期,木1,工学部専門科目,情報学科,,2024
計算機科学実験及演習３（計算機）,BRSCIC， Drazen・川原 純・安戸 僚汰・下西 慶・末永 幸平・和賀 正樹・池渕 未来,3回生以上,前期,"木3,4,5,金1,2,3,4,5",工学部専門科目,情報学科,,2024
計算と論理,五十嵐 淳,3回生以上,後期,火2,工学部専門科目,情報学科,,2024
数理工学実験（数理:H25以前入学者）,山川 雄也・八木 聡明・大木 健太郎,2回生以上,後期,"月3,4,火3,4",工学部専門科目,情報学科,,2024
基礎数理演習（数理）,筒 広樹・原田 健自・山口 義幸・山川 雄也,2回生以上,前期,"火3,4",工学部専門科目,情報学科,,2024
プログラミング演習（数理:H30以前入学者）,原田 健自・筒 広樹・山口 義幸,2回生以上,前期,"月3,4",工学部専門科目,情報学科,,2024
物理統計学（数理）,上原 恵理香,3回生以上,前期,木2,工学部専門科目,情報学科,,2024
確率離散事象論,本多 淳也・田中 利幸,3回生以上,前期,火2,工学部専門科目,情報学科,,2024
データベース（計算機）,馬 強,3回生以上,前期,水2,工学部専門科目,情報学科,,2024
ソフトウェア工学（計算機）,伊藤 孝行・渥美 紀寿,3回生以上,後期,月4,工学部専門科目,情報学科,,2024
オペレーティングシステム（計算機）,首藤 一幸,3回生以上,前期,火3,工学部専門科目,情報学科,,2024
言語・オートマトン,山本 章博,2回生以上,後期,水1,工学部専門科目,情報学科,,2024
情報と職業,中村 裕一・蟻坂 竜大,4回生以上,前期,"金3,4",工学部専門科目,情報学科,,2024
コンピュータネットワーク,岡部 寿男,3回生以上,前期,火1,工学部専門科目,情報学科,,2024
情報システム（計算機）,田島 敬史,3回生以上,後期,水3,工学部専門科目,情報学科,,2024
計算機科学概論,五十嵐 淳・湊 真一・河原 達也・伊藤 孝行,1回生以上,前期,水5,工学部専門科目,情報学科,,2024
数理工学概論,森本 淳・寺前 順之介・本多 淳也,1回生以上,前期,火2,工学部専門科目,情報学科,,2024
アルゴリズムとデータ構造入門,鹿島 久嗣,1回生以上,後期,月1,工学部専門科目,情報学科,,2024
人工知能,神田 崇行,3回生以上,前期,水3,工学部専門科目,情報学科,,2024
ヒューマンインタフェース,緒方 広明・FLANAGAN Brendan・山下 直美,3回生以上,後期,水4,工学部専門科目,情報学科,,2024
数理解析,吉川 仁,4回生以上,前期,木4,工学部専門科目,情報学科,,2024
生命情報学,阿久津 達也・熊田 孝恒,4回生以上,前期,火4,工学部専門科目,情報学科,,2024
パターン認識と機械学習,河原 達也,3回生以上,後期,水2,工学部専門科目,情報学科,,2024
非線形動力学（数理）,青柳 富誌生,3回生以上,前期,金3,工学部専門科目,情報学科,,2024
プログラミング入門,伊藤 孝行,1回生以上,前期,木1,工学部専門科目,情報学科,,2024
数理工学実験（数理:H26以降入学者）,山川 雄也・八木 聡明・大木 健太郎,2回生以上,後期,"月3,4,火3,4",工学部専門科目,情報学科,,2024
計算機の構成,岩下 武史・深沢 圭一郎,2回生以上,後期,水2,工学部専門科目,情報学科,,2024
プログラミング言語処理系,末永 幸平,3回生以上,前期,月2,工学部専門科目,情報学科,,2024
情報符号理論,谷口 忠大,2回生以上,前期,火1,工学部専門科目,情報学科,,2024
電気電子回路入門,下田 宏・川山 巌,2回生以上,前期,水1,工学部専門科目,情報学科,,2024
計算機科学のための数学演習,岩政 勇仁・明石 望洋・池渕 未来,2回生以上,前期,木4,工学部専門科目,情報学科,,2024
システム工学実験（数理）,大木 健太郎・八木 聡明,3回生以上,前期,"木4,5,金4,5",工学部専門科目,情報学科,,2024
計算機アーキテクチャ,岡部 寿男,3回生以上,前期,月1,工学部専門科目,情報学科,,2024
統計的モデリング基礎,鹿島 久嗣,3回生以上,前期,水4,工学部専門科目,情報学科,,2024
計算機科学実験及演習１（計算機）,BRSCIC， Drazen・竹内 孝・蟻坂 竜大・丁 世堯,2回生以上,前期,"水3,4",工学部専門科目,情報学科,,2024
メディア情報処理,河原 達也・中村 裕一・森 信介,3回生以上,後期,水1,工学部専門科目,情報学科,,2024
情報セキュリティ演習,岡部 寿男・小谷 大祐,3回生以上,前期集中,集中講義,工学部専門科目,情報学科,,2024
情報符号理論続論,小渕 智之・本多 淳也,3回生以上,後期,火3,工学部専門科目,情報学科,,2024
プログラミング演習（数理:H31以降入学者）,原田 健自・筒 広樹・山口 義幸,2回生以上,前期,"月3,4",工学部専門科目,情報学科,,2024
最適化入門,山下 信雄,1回生以上,後期,木4,工学部専門科目,情報学科,,2024
流体力学（数理）,田口 智清,3回生以上,後期,火2,工学部専門科目,情報学科,,2024
特別研究１（計算機）,中村 裕一,4回生以上,前期集中,集中講義,工学部専門科目,情報学科,,2024
特別研究１（計算機）,中村 裕一,4回生以上,後期集中,集中講義,工学部専門科目,情報学科,,2024
特別研究１（数理）,森本 淳,4回生以上,前期集中,集中講義,工学部専門科目,情報学科,,2024
特別研究１（数理）,森本 淳,4回生以上,後期集中,集中講義,工学部専門科目,情報学科,,2024
特別研究２（計算機）,中村 裕一,4回生以上,前期集中,集中講義,工学部専門科目,情報学科,,2024
特別研究２（計算機）,中村 裕一,4回生以上,後期集中,集中講義,工学部専門科目,情報学科,,2024
特別研究２（数理）,森本 淳,4回生以上,前期集中,集中講義,工学部専門科目,情報学科,,2024
特別研究２（数理）,森本 淳,4回生以上,後期集中,集中講義,工学部専門科目,情報学科,,2024
工業数学Ａ１,柴山 允瑠,2回生以上,後期,木2,工学部専門科目,物理工学科,,2024
工業数学Ｆ１（機材エネ原：学番奇数）,西川 雅章,2回生以上,後期,火3,工学部専門科目,物理工学科,,2024
工業数学Ｆ１（機材エネ原：学番偶数）,前川 孝,2回生以上,後期,火3,工学部専門科目,物理工学科,,2024
工業数学Ａ２,柴山 允瑠,3回生以上,前期,月2,工学部専門科目,物理工学科,,2024
工業数学Ｆ２（機：学番奇数）,加納 学・大塚 敏之,3回生以上,前期,火2,工学部専門科目,物理工学科,,2024
工業数学Ｆ２（機：学番偶数）,瀬波 大土,3回生以上,前期,火2,工学部専門科目,物理工学科,,2024
工業数学Ｆ２（材）,一井 崇・弓削 是貴,3回生以上,前期,火2,工学部専門科目,物理工学科,,2024
工業数学Ｆ２（エネ原）,石澤 明宏・今寺 賢志,3回生以上,前期,金4,工学部専門科目,物理工学科,,2024
工業数学Ａ３,矢ヶ崎 一幸,3回生以上,前期,水1,工学部専門科目,物理工学科,,2024
工業数学Ｆ３（機原）,井上 康博,3回生以上,後期,金2,工学部専門科目,物理工学科,,2024
工業力学Ａ（機・宇）,西原 修・花崎 秀史,3回生以上,前期,水2,工学部専門科目,物理工学科,,2024
工業力学Ａ（エネ）,木下 勝之,3回生以上,前期,月1,工学部専門科目,物理工学科,,2024
工学倫理,市川 温・新津 葵一・関 修平・東口 顕士・伊勢田 哲治・清水 雄也・杉安 和憲・今堀 博・梅野 健・大﨑 純・高木 郁二・西脇 眞二・伊藤 禎彦・大和田 拓・須崎 純一・正直 花奈子・中川 雅之,4回生以上,前期,木3,工学部専門科目,,,2024
工学序論,"関 修平・鹿島 久嗣・神吉 紀世子・高橋 良和・木谷 哲夫・鈴木 基史・中村 祐司・石塚 師也・KOWHAKUL, Wasana",1回生以上,前期集中,集中講義,工学部専門科目,,,2024
工学部国際インターンシップ１,"KOWHAKUL, Wasana・本多 充",3回生以上,通年集中,集中講義,工学部専門科目,,,2024
グローバル・リーダーシップセミナー I (企業調査研究),平井 義和,2回生以上,通年集中,集中講義,工学部専門科目,,,2024
工学部国際インターンシップ２,"KOWHAKUL, Wasana・本多 充",3回生以上,通年集中,集中講義,工学部専門科目,,,2024
グローバル・リーダーシップセミナー II (イノベーションとその事業化),本多 充・平井 義和,2回生以上,後期集中,集中講義,工学部専門科目,,,2024
計算機数学（原）,成田 絵美,2回生以上,前期,金2,工学部専門科目,物理工学科,,2024
計算機数学（エネ）,蜂谷 寛・林 潤,2回生以上,前期,火1,工学部専門科目,物理工学科,,2024
計算機数学（機：7・9・11組）,平井 義和,2回生以上,前期,木2,工学部専門科目,物理工学科,,2024
計算機数学（機：8・10・12組）,松原 厚・大塚 敏之・河野 大輔,2回生以上,前期,月2,工学部専門科目,物理工学科,,2024
材料力学１（機宇：学番奇数）,嶋田 隆広,2回生以上,前期,水1,工学部専門科目,物理工学科,,2024
材料力学１（機宇：学番偶数）,平方 寛之,2回生以上,前期,水1,工学部専門科目,物理工学科,,2024
材料力学１（材エネ原：学番奇数）,今谷 勝次,2回生以上,前期,水1,工学部専門科目,物理工学科,,2024
材料力学１（材エネ原：学番偶数）,安部 正高,2回生以上,前期,水1,工学部専門科目,物理工学科,,2024
"材料力学２（機：7,8,9,10組）",西川 雅章,2回生以上,後期,金2,工学部専門科目,物理工学科,,2024
"材料力学２（機：11,12組、宇）",琵琶 志朗,2回生以上,後期,金2,工学部専門科目,物理工学科,,2024
材料力学２（材エネ原）,木下 勝之,2回生以上,後期,金2,工学部専門科目,物理工学科,,2024
熱力学２（機宇：学番奇数）,巽 和也,2回生以上,後期,火1,工学部専門科目,物理工学科,,2024
熱力学２（機宇：学番偶数）,岩井 裕・岸本 将史,2回生以上,後期,火1,工学部専門科目,物理工学科,,2024
熱力学２（エネ原）,川那辺 洋,2回生以上,後期,月3,工学部専門科目,物理工学科,,2024
材料基礎学１（機宇）,平方 寛之・嶋田 隆広,3回生以上,前期,水3,工学部専門科目,物理工学科,,2024
材料基礎学１（エネ原）,高木 郁二,2回生以上,後期,水1,工学部専門科目,物理工学科,,2024
計測学（機エネ原：学番奇数）,土屋 智由・横川 隆司・木下 勝之・三宅 正男・廣谷 潤,2回生以上,前期,金3,工学部専門科目,物理工学科,,2024
計測学（機エネ原：学番偶数）,土屋 智由・横川 隆司・木下 勝之・三宅 正男・廣谷 潤,2回生以上,前期,金3,工学部専門科目,物理工学科,,2024
固体物理学（材エネ原宇）,中村 裕之,2回生以上,後期,木1,工学部専門科目,物理工学科,,2024
応用電磁気学（機宇：学番奇数）,四竈 泰一,3回生以上,前期,火1,工学部専門科目,物理工学科,,2024
応用電磁気学（機宇：学番偶数）,名村 今日子,3回生以上,前期,火1,工学部専門科目,物理工学科,,2024
応用電磁気学（エネ原）,斉藤 学,3回生以上,前期,火1,工学部専門科目,物理工学科,,2024
原子物理学（材エネ原宇）,間嶋 拓也,2回生以上,後期,金3,工学部専門科目,物理工学科,,2024
量子物理学１（機：学番奇数）,鈴木 基史,3回生以上,後期,金3,工学部専門科目,物理工学科,,2024
量子物理学１（機：学番偶数）,中嶋 薫,3回生以上,後期,金3,工学部専門科目,物理工学科,,2024
量子物理学１（材原宇）〈情報〉,伊藤 秋男,3回生以上,前期,金2,工学部専門科目,物理工学科,,2024
量子物理学２（機）,蓮尾 昌裕,4回生以上,前期,水1,工学部専門科目,物理工学科,,2024
量子物理学２（材原宇）〈情報〉,伊藤 秋男,3回生以上,後期,火1,工学部専門科目,物理工学科,,2024
連続体力学（エネ）,今谷 勝次,3回生以上,前期,金3,工学部専門科目,物理工学科,,2024
連続体力学（機）,安達 泰治,3回生以上,後期,火3,工学部専門科目,物理工学科,,2024
エネルギー変換工学（エネ）,黒瀬 良一・林 潤,3回生以上,前期,金2,工学部専門科目,物理工学科,,2024
エネルギー変換工学（機）,黒瀬 良一・林 潤,4回生以上,前期,金2,工学部専門科目,物理工学科,,2024
エネルギー変換工学（原）,河原 全作・横峯 健彦,3回生以上,前期,月1,工学部専門科目,物理工学科,,2024
振動工学（機）,中西 弘明・小森 雅晴・松原 厚,3回生以上,後期,水1,工学部専門科目,物理工学科,,2024
振動工学（宇）,泉田 啓,2回生以上,後期,月3,工学部専門科目,物理工学科,,2024
制御工学１（機エネ原：学番奇数）,細田 耕・川節 拓実,3回生以上,前期,木1,工学部専門科目,物理工学科,,2024
制御工学１（機エネ原：学番偶数）,大塚 敏之・東 俊一,3回生以上,前期,木1,工学部専門科目,物理工学科,,2024
制御工学１（宇）,丸田 一郎,3回生以上,前期,月3,工学部専門科目,物理工学科,,2024
制御工学２（機）,東 俊一・川節 拓実,3回生以上,後期,水3,工学部専門科目,物理工学科,,2024
制御工学２（宇）,藤本 健治,3回生以上,後期,木2,工学部専門科目,物理工学科,,2024
生産工学（機）,泉井 一浩,3回生以上,後期,水2,工学部専門科目,物理工学科,,2024
結晶物性学（材エネ）,乾 晴行・岸田 恭輔,3回生以上,前期,金1,工学部専門科目,物理工学科,,2024
材料物理化学（原）,高木 郁二・小林 大志,3回生以上,後期,水2,工学部専門科目,物理工学科,,2024
材料物理化学（エネ）,三宅 正男,3回生以上,後期,水2,工学部専門科目,物理工学科,,2024
熱及び物質移動（材）,安田 秀幸,3回生以上,前期,水2,工学部専門科目,物理工学科,,2024
熱及び物質移動（エネ）,奥村 英之・佐川 尚・小川 敬也,3回生以上,前期,月2,工学部専門科目,物理工学科,,2024
プラズマ物理学（原宇）,村上 定義・森下 侑哉,3回生以上,後期,火2,工学部専門科目,物理工学科,,2024
量子反応基礎論（原）,斉藤 学,3回生以上,後期,金3,工学部専門科目,物理工学科,,2024
気体力学（宇）,高田 滋,3回生以上,前期,火2,工学部専門科目,物理工学科,,2024
熱統計力学（宇）,江利口 浩二,3回生以上,前期,木1,工学部専門科目,物理工学科,,2024
空気力学（宇）,高田 滋,3回生以上,後期,金2,工学部専門科目,物理工学科,,2024
推進基礎論（宇）,江利口 浩二・占部 継一郎,3回生以上,後期,月1,工学部専門科目,物理工学科,,2024
航空宇宙機力学（宇）,泉田 啓,3回生以上,後期,月2,工学部専門科目,物理工学科,,2024
固体力学（宇）,琵琶 志朗,3回生以上,前期,月1,工学部専門科目,物理工学科,,2024
物理工学演習１（エネ）,澄川 貴志,3回生以上,前期,月4,工学部専門科目,物理工学科,,2024
物理工学演習１（原）,小暮 兼三・成田 絵美,3回生以上,前期,"火3,4",工学部専門科目,物理工学科,,2024
物理工学演習１（宇）,足立 晋也・小林 琢巳・石黒 隆久,3回生以上,前期,"木3,4",工学部専門科目,物理工学科,,2024
物理工学演習２（エネ）,川那辺 洋・今谷 勝次・松本 一彦・堀部 直人・小川 敬也・川西 咲子・林 一広,3回生以上,後期,火2,工学部専門科目,物理工学科,,2024
物理工学演習２（原）,小暮 兼三・成田 絵美・全員,3回生以上,後期,"火4,5",工学部専門科目,物理工学科,,2024
物理工学演習２（宇）,仲西 俊之・藤原 哲・佐々木 敦志,3回生以上,後期,"金3,4",工学部専門科目,物理工学科,,2024
機械システム工学実験１（機）,"廣谷 潤・名村 今日子・牧 功一郎・栗山 怜子・PILLAI, Abhishek Lakshman・GUO Yuting・土屋 智由",3回生以上,前期,"水4,5",工学部専門科目,物理工学科,,2024
機械システム工学実験１（機）,"廣谷 潤・名村 今日子・牧 功一郎・栗山 怜子・PILLAI, Abhishek Lakshman・GUO Yuting・土屋 智由",3回生以上,後期,"月4,5",工学部専門科目,物理工学科,,2024
機械システム工学実験２（機）,廣谷 潤・名村 今日子・寺川 達郎・松永 航・藤本 和也・若林 英信・河野 大輔・中西 弘明,3回生以上,前期,"木4,5",工学部専門科目,物理工学科,,2024
機械システム工学実験２（機）,廣谷 潤・名村 今日子・寺川 達郎・松永 航・藤本 和也・若林 英信・河野 大輔・中西 弘明,3回生以上,後期,"木1,2",工学部専門科目,物理工学科,,2024
機械システム工学実験３（機）,廣谷 潤・名村 今日子・古田 幸三・大和 駿太郎・見波 将・安達 眞聡・星野 健太,3回生以上,前期,"金4,5",工学部専門科目,物理工学科,,2024
機械システム工学実験３（機）,廣谷 潤・名村 今日子・古田 幸三・大和 駿太郎・見波 将・安達 眞聡・星野 健太,3回生以上,後期,"木4,5",工学部専門科目,物理工学科,,2024
機械設計演習１（機）,西脇 眞二・中嶋 薫・廣谷 潤・赤井 和輝・居初 有香・川畑 真一・西村 公佑・盛島 明元,3回生以上,前期,"月4,5,金4,5",工学部専門科目,物理工学科,,2024
機械設計演習１（機）,西脇 眞二・四竈 泰一・沖野 真也・中村 公夫,3回生以上,前期,"火4,5,木4,5",工学部専門科目,物理工学科,,2024
機械設計演習１（機）,西脇 眞二・松本 充弘・中西 弘明・山村 眞哉・金谷 顕一,3回生以上,前期,"水4,5,金4,5",工学部専門科目,物理工学科,,2024
機械設計演習２（機）,小森 雅晴・平山 朋子・河野 大輔・金田 修一・湯川 伸次郎,3回生以上,後期,"月1,2,3,4",工学部専門科目,物理工学科,,2024
機械製作実習（機）,松原 厚・河野 大輔・西脇 眞二・講師,2回生以上,後期,水5,工学部専門科目,物理工学科,,2024
材料科学実験および演習１（材）,黒川 修,3回生以上,前期,"水3,4,木3,4",工学部専門科目,物理工学科,,2024
材料科学実験および演習２（材）,黒川 修,3回生以上,後期,"水3,4,木3,4",工学部専門科目,物理工学科,,2024
航空宇宙工学実験１（宇）,藤本 健治・泉田 啓・初鳥 匡成・石井 陽介,3回生以上,前期,"金3,4",工学部専門科目,物理工学科,,2024
航空宇宙工学実験２（宇）,藤本 健治・占部 継一郎・丸田 一郎・杉元 宏,3回生以上,後期,"火3,4",工学部専門科目,物理工学科,,2024
金属材料学（材）,辻 伸泰,3回生以上,後期,木2,工学部専門科目,物理工学科,,2024
材料強度物性（材）,乾 晴行,3回生以上,後期,金1,工学部専門科目,物理工学科,,2024
固体物性学（機）,中嶋 薫,4回生以上,前期,火2,工学部専門科目,物理工学科,,2024
統計熱力学,松本 充弘・井上 康博,3回生以上,前期,金2,工学部専門科目,物理工学科,,2024
統計熱力学（材エネ）,三宅 正男,3回生以上,後期,火3,工学部専門科目,物理工学科,,2024
品質管理,西脇 眞二・泉井 一浩・吉川 豊次,4回生以上,前期,水4,工学部専門科目,物理工学科,,2024
生物物理学,土田 秀次・田中 浩基・櫻井 良憲・渡邉 翼・高田 卓志・近藤 夏子・真田 悠生,3回生以上,前期,月2,工学部専門科目,物理工学科,,2024
精密加工学（機）,松原 厚・河野 大輔,4回生以上,前期,火1,工学部専門科目,物理工学科,,2024
材料電気化学（材）,邑瀬 邦明・深見 一弘,3回生以上,前期,水1,工学部専門科目,物理工学科,,2024
原子炉基礎演習・実験（原）,宇根崎 博信・三澤 毅・卞 哲浩・北村 康則,4回生以上,前期,"月3,4",工学部専門科目,物理工学科,,2024
物理工学総論Ａ,平方 寛之・嶋田 隆広・黒瀬 良一・長田 孝二・細田 耕・東 俊一・廣谷 潤・新宅 博文・蓮尾 昌裕・名村 今日子・高田 滋・藤本 健治・琵琶 志朗・江利口 浩二,1回生以上,後期,木5,工学部専門科目,物理工学科,,2024
物理工学総論Ｂ,澄川 貴志・今谷 勝次・高木 郁二・横峯 健彦・斉藤 学・成田 絵美・辻 伸泰・世古 敦人・邑瀬 邦明・一井 崇・宇田 哲也,1回生以上,前期,水5,工学部専門科目,物理工学科,,2024
加速器工学（原）,土田 秀次,3回生以上,前期,水1,工学部専門科目,物理工学科,,2024
放射化学（エネ原）,佐々木 隆之・小林 大志,3回生以上,後期,月1,工学部専門科目,物理工学科,,2024
エネルギー・材料熱化学１（材エネ）,長谷川 将克,3回生以上,前期,月3,工学部専門科目,物理工学科,,2024
エネルギー・材料熱化学２（材エネ）,長谷川 将克,3回生以上,後期,月2,工学部専門科目,物理工学科,,2024
固体電子論（材）,黒川 修,3回生以上,前期,火1,工学部専門科目,物理工学科,,2024
インターンシップ（機）,土屋 智由・長田 孝二,3回生以上,後期集中,集中講義,工学部専門科目,物理工学科,,2024
インターンシップ（原）,小暮 兼三,3回生以上,後期集中,集中講義,工学部専門科目,物理工学科,,2024
物理工学英語（原）,高木 郁二・小暮 兼三,4回生以上,前期集中,集中講義,工学部専門科目,物理工学科,,2024
機械設計製作（機エネ宇）,松原 厚・西脇 眞二,2回生以上,前期,月3,工学部専門科目,物理工学科,,2024
システム工学（エネ原）,川那辺 洋,3回生以上,後期,水1,工学部専門科目,物理工学科,,2024
構造物性学（材）,野瀬 嘉太郎・辻 伸泰,3回生以上,前期,火3,工学部専門科目,物理工学科,,2024
統計力学（原）,田崎 誠司,3回生以上,前期,金3,工学部専門科目,物理工学科,,2024
物質科学基礎（材）,邑瀬 邦明,2回生以上,前期,金3,工学部専門科目,物理工学科,,2024
材料統計物理学（材）,田畑 吉計・弓削 是貴,2回生以上,後期,火2,工学部専門科目,物理工学科,,2024
材料科学基礎１（材）,岸田 恭輔・野瀬 嘉太郎,2回生以上,後期,水1,工学部専門科目,物理工学科,,2024
材料科学基礎２（材エネ）,深見 一弘・一井 崇,2回生以上,後期,木2,工学部専門科目,物理工学科,,2024
エネルギー化学１（エネ原）,松本 一彦,3回生以上,前期,火2,工学部専門科目,物理工学科,,2024
エネルギー化学２（エネ原）,松本 一彦,3回生以上,後期,金4,工学部専門科目,物理工学科,,2024
中性子理工学（原）,田崎 誠司,3回生以上,後期,火3,工学部専門科目,物理工学科,,2024
流体力学１（機）,長田 孝二・渡邉 智昭,2回生以上,後期,火2,工学部専門科目,物理工学科,,2024
流体力学１（エネ原宇）,大和田 拓・杉元 宏,2回生以上,後期,火2,工学部専門科目,物理工学科,,2024
流体力学２（機）,花崎 秀史・沖野 真也,3回生以上,前期,木2,工学部専門科目,物理工学科,,2024
流体力学２（エネ宇）,大和田 拓・杉元 宏,3回生以上,前期,木2,工学部専門科目,物理工学科,,2024
マイクロ加工学（機エネ）,土屋 智由・横川 隆司・廣谷 潤,4回生以上,前期,金1,工学部専門科目,物理工学科,,2024
航空宇宙工学演義（宇）,藤本 健治,4回生以上,前期,"火3,4",工学部専門科目,物理工学科,,2024
固体物性論（材エネ）,中村 裕之・田畑 吉計,3回生以上,後期,金3,工学部専門科目,物理工学科,,2024
量子物性基礎論（原）,松尾 二郎・瀬木 利夫,3回生以上,後期,金1,工学部専門科目,物理工学科,,2024
原子核工学序論１（原）,佐々木 隆之,2回生以上,前期,月2,工学部専門科目,物理工学科,,2024
原子核工学序論２（原）,佐々木 隆之,2回生以上,後期,月2,工学部専門科目,物理工学科,,2024
流体熱工学（原）,横峯 健彦,3回生以上,後期,月2,工学部専門科目,物理工学科,,2024
伝熱工学（機）,黒瀬 良一,3回生以上,後期,金1,工学部専門科目,物理工学科,,2024
材料基礎学２（エネ）,奥村 英之,3回生以上,前期,水2,工学部専門科目,物理工学科,,2024
設計工学１,小森 雅晴・平山 朋子,3回生以上,前期,月1,工学部専門科目,物理工学科,,2024
設計工学２,小森 雅晴・松原 厚・西脇 眞二,3回生以上,後期,火2,工学部専門科目,物理工学科,,2024
エネルギー応用工学設計演習・実験１,奥村 英之・安部 正高・池之上 卓己・今谷 勝次・小川 敬也・木下 勝之・長谷川 将克・蜂谷 寛・林 潤・堀部 直人・松本 一彦・三宅 正男・松井 隆太郎,3回生以上,前期,"水3,4,木3,4",工学部専門科目,物理工学科,,2024
原子核工学実験１,成田 絵美,3回生以上,前期,"木1,2,3,4",工学部専門科目,物理工学科,,2024
エネルギー応用工学設計演習・実験２,奥村 英之・安部 正高・蜂谷 寛・池之上 卓己・今谷 勝次・小川 敬也・木下 勝之・長谷川 将克・林 潤・堀部 直人・松本 一彦・三宅 正男・松井 隆太郎,3回生以上,後期,"水3,4,木3,4",工学部専門科目,物理工学科,,2024
原子核工学実験２,成田 絵美,3回生以上,後期,"木1,2,3,4",工学部専門科目,物理工学科,,2024
材料強度学,平方 寛之・嶋田 隆広,4回生以上,前期,木2,工学部専門科目,物理工学科,,2024
熱力学１（機宇：学番奇数）,巽 和也,2回生以上,前期,金1,工学部専門科目,物理工学科,,2024
熱力学１（機宇：学番偶数）,岩井 裕・岸本 将史,2回生以上,前期,金1,工学部専門科目,物理工学科,,2024
熱力学１（エネ原）,長谷川 将克,2回生以上,前期,金1,工学部専門科目,物理工学科,,2024
量子無機材料学１（材）,田中 功,3回生以上,前期,木2,工学部専門科目,物理工学科,,2024
量子無機材料学２（材）,世古 敦人,3回生以上,後期,火2,工学部専門科目,物理工学科,,2024
機械システム学セミナー（機）,名村 今日子・松本 充弘,3回生以上,後期集中,集中講義,工学部専門科目,物理工学科,,2024
マイクロ材料の加工・評価の基礎,土屋 智由・鈴木 基史・横川 隆司・廣谷 潤,4回生以上,後期集中,集中講義,工学部専門科目,物理工学科,,2024
知能システム工学（機）,加納 学・中西 弘明,4回生以上,前期,水2,工学部専門科目,物理工学科,,2024
材料科学基礎３,豊浦 和明,2回生以上,後期,金1,工学部専門科目,物理工学科,,2024
材料組織学,安田 秀幸,3回生以上,後期,月1,工学部専門科目,物理工学科,,2024
放射線計測学,土田 秀次,3回生以上,前期,水2,工学部専門科目,物理工学科,,2024
材料熱力学（材）,宇田 哲也,2回生以上,前期,火3,工学部専門科目,物理工学科,,2024
高分子材料概論（材）,澤本 光男・世古 敦人,3回生以上,前期,月2,工学部専門科目,物理工学科,,2024
原子炉物理学（原）,田崎 誠司・高木 郁二・小林 大志,3回生以上,前期,金1,工学部専門科目,物理工学科,,2024
結晶回折学（材）,奥田 浩司,3回生以上,後期,金2,工学部専門科目,物理工学科,,2024
エレクトロニクス入門（機宇）〈情報〉,粟野 皓光,2回生以上,前期,月4,工学部専門科目,物理工学科,,2024
生体機械工学,新宅 博文・安達 泰治・横川 隆司・井上 康博,3回生以上,後期,水4,工学部専門科目,物理工学科,,2024
特別研究１（機）,西脇 眞二,4回生以上,前期集中,集中講義,工学部専門科目,物理工学科,,2024
特別研究１（機）,西脇 眞二,4回生以上,後期集中,集中講義,工学部専門科目,物理工学科,,2024
特別研究１（材）,邑瀬 邦明・世古 敦人,4回生以上,前期集中,集中講義,工学部専門科目,物理工学科,,2024
特別研究１（エネ）,澄川 貴志,4回生以上,前期集中,集中講義,工学部専門科目,物理工学科,,2024
特別研究１（原）,高木 郁二・小暮 兼三,4回生以上,前期集中,集中講義,工学部専門科目,物理工学科,,2024
特別研究１（宇）,藤本 健治,4回生以上,前期集中,集中講義,工学部専門科目,物理工学科,,2024
特別研究１（材）,邑瀬 邦明・世古 敦人,4回生以上,後期集中,集中講義,工学部専門科目,物理工学科,,2024
特別研究１（エネ）,澄川 貴志,4回生以上,後期集中,集中講義,工学部専門科目,物理工学科,,2024
特別研究１（原）,高木 郁二・小暮 兼三,4回生以上,後期集中,集中講義,工学部専門科目,物理工学科,,2024
特別研究２（機）,西脇 眞二,4回生以上,後期集中,集中講義,工学部専門科目,物理工学科,,2024
特別研究２（機）,西脇 眞二,4回生以上,前期集中,集中講義,工学部専門科目,物理工学科,,2024
特別研究２（材）,邑瀬 邦明・世古 敦人,4回生以上,後期集中,集中講義,工学部専門科目,物理工学科,,2024
特別研究２（エネ）,澄川 貴志,4回生以上,後期集中,集中講義,工学部専門科目,物理工学科,,2024
特別研究２（原）,高木 郁二・小暮 兼三,4回生以上,後期集中,集中講義,工学部専門科目,物理工学科,,2024
特別研究２（宇）,藤本 健治,4回生以上,後期集中,集中講義,工学部専門科目,物理工学科,,2024
特別研究２（材）,邑瀬 邦明・世古 敦人,4回生以上,前期集中,集中講義,工学部専門科目,物理工学科,,2024
特別研究２（エネ）,澄川 貴志,4回生以上,前期集中,集中講義,工学部専門科目,物理工学科,,2024
特別研究２（原）,高木 郁二・小暮 兼三,4回生以上,前期集中,集中講義,工学部専門科目,物理工学科,,2024
電気回路基礎論,久門 尚史,1回生以上,前期,火5,工学部専門科目,物理工学科,,2024
数値解析,吉川 仁,2回生以上,後期,水3,工学部専門科目,物理工学科,,2024
数理解析,吉川 仁,4回生以上,前期,木4,工学部専門科目,物理工学科,,2024
